{"fc1.weight": [[0.3251991271972656, -0.1236419752240181, 0.20729227364063263, 0.7999573349952698, -0.6393308043479919, 0.45054498314857483, 1.0972141027450562, 1.2715989351272583, -0.4837418794631958, -1.0898869037628174, 0.963647186756134, -0.8023905158042908, 0.8978692889213562, 1.2139378786087036, -0.7958518862724304, -0.09739745408296585, 0.13814157247543335, -0.1382388323545456, -1.0447521209716797, -0.4705146551132202, 0.4389522671699524, -0.186231330037117, 0.49338382482528687, 1.0887466669082642, -0.48405522108078003, 0.40294545888900757, 0.7746610641479492, 0.5579627156257629, -0.3459469676017761, -0.3833911418914795]], "fc1.bias": [-1.042427659034729]}