{"fc1.weight": [[0.3251992464065552, -0.12364200502634048, 0.20729224383831024, 0.7999573349952698, -0.6393308639526367, 0.45054489374160767, 1.0972141027450562, 1.2715990543365479, -0.4837418794631958, -1.0898869037628174, 0.9636472463607788, -0.802390456199646, 0.8978694081306458, 1.213937520980835, -0.7958518266677856, -0.09739743918180466, 0.13814157247543335, -0.1382388323545456, -1.0447522401809692, -0.4705146253108978, 0.4389522969722748, -0.18623141944408417, 0.4933837950229645, 1.0887466669082642, -0.48405522108078003, 0.40294545888900757, 0.7746609449386597, 0.5579627752304077, -0.3459469676017761, -0.38339120149612427]], "fc1.bias": [-1.042427659034729]}